,train_rmse,test_rmse,test_mae,test_r2,cv_rmse,cv_std,overfit_ratio
Random Forest,2292.633785271691,7212.076215784707,3789.0207634839644,0.8647056712019383,6340.678794043025,1469.8835379452662,3.145760244011248
XGBoost,653.9183244212803,7372.941478741754,3871.0618124202806,0.8586028842253546,6539.126696078518,1801.5382092191705,11.275018918099335
Gradient Boosting,3717.1571999271696,7557.6412329834175,4483.279003955565,0.8514298640475456,6379.443605798784,1074.914693553236,2.033177728703939
Ridge Regression,7771.95305792087,8879.745372825937,6051.049758031122,0.7949026720683198,8463.427952907165,1363.6681027657914,1.1425371855245636
Lasso Regression,7697.550510470712,8993.899876526362,6112.659701759998,0.7895954756462051,8524.982381573602,1373.2720370087386,1.1684106345638487
Elastic Net,8643.732041991807,10110.233403260776,6579.582472956333,0.7341226504764358,8770.453998773786,1422.5540012224571,1.169660669042563
